Álbum,Código,Nome,Tipo,Estoque,Imagem
Copa 2026,00,Abertura,Especial,0,
Copa 2026,FWC 1,Emblema oficial,Especial,0,
Copa 2026,FWC 2,Emblema oficial,Especial,0,
Copa 2026,FWC 3,Mascotes oficiais,Especial,0,
Copa 2026,FWC 4,Slogan oficial,Especial,0,
Copa 2026,FWC 5,Bola oficial,Especial,0,
Copa 2026,FWC 6,Canadá: países e cidades-sede,Especial,0,
Copa 2026,FWC 7,México: países e cidades-sede,Especial,0,
Copa 2026,FWC 8,Estados Unidos: países e cidades-sede,Especial,0,
Copa 2026,FWC 9,Itália 1934,Especial,0,
Copa 2026,FWC 10,Uruguai 1950,Especial,0,
Copa 2026,FWC 11,Alemanha Ocidental 1954,Especial,0,
Copa 2026,FWC 12,Brasil 1962,Especial,0,
Copa 2026,FWC 13,Alemanha Ocidental 1974,Especial,0,
Copa 2026,FWC 14,Argentina 1986,Especial,0,
Copa 2026,FWC 15,Brasil 1994,Especial,0,
Copa 2026,FWC 16,Brasil 2002,Especial,0,
Copa 2026,FWC 17,Itália 2006,Especial,0,
Copa 2026,FWC 18,Alemanha 2014,Especial,0,
Copa 2026,FWC 19,Argentina 2022,Especial,0,
Copa 2026,MEX 1,Escudo,Especial,0,
Copa 2026,MEX 2,Luis Malagón,Comum,0,
Copa 2026,MEX 3,Johan Vásquez,Comum,0,
Copa 2026,MEX 4,Jorge Sánchez,Comum,0,
Copa 2026,MEX 5,César Montes,Comum,0,
Copa 2026,MEX 6,Jesús Gallardo,Comum,0,
Copa 2026,MEX 7,Israel Reyes,Comum,0,
Copa 2026,MEX 8,Diego Lainez,Comum,0,
Copa 2026,MEX 9,Carlos Rodríguez,Comum,0,
Copa 2026,MEX 10,Edson Álvarez,Comum,0,
Copa 2026,MEX 11,Orbelín Pineda,Comum,0,
Copa 2026,MEX 12,Marcel Ruiz,Comum,0,
Copa 2026,MEX 13,Foto do time,Comum,0,
Copa 2026,MEX 14,Érick Sánchez,Comum,0,
Copa 2026,MEX 15,Hirving Lozano,Comum,0,
Copa 2026,MEX 16,Santiago Giménez,Comum,0,
Copa 2026,MEX 17,Raúl Jiménez,Comum,0,
Copa 2026,MEX 18,Alexis Vega,Comum,0,
Copa 2026,MEX 19,Roberto Alvarado,Comum,0,
Copa 2026,MEX 20,César Huerta,Comum,0,
Copa 2026,RSA 1,Escudo,Especial,0,
Copa 2026,RSA 2,Ronwen Williams,Comum,0,
Copa 2026,RSA 3,Sipho Chaine,Comum,0,
Copa 2026,RSA 4,Aubrey Modiba,Comum,0,
Copa 2026,RSA 5,Samukele Kabini,Comum,0,
Copa 2026,RSA 6,Mbekezeli Mbokazi,Comum,0,
Copa 2026,RSA 7,Khulumani Ndamane,Comum,0,
Copa 2026,RSA 8,Siyabonga Ngezana,Comum,0,
Copa 2026,RSA 9,Khuliso Mudau,Comum,0,
Copa 2026,RSA 10,Nkosinathi Sibisi,Comum,0,
Copa 2026,RSA 11,Teboho Mokoena,Comum,0,
Copa 2026,RSA 12,Thalente Mbatha,Comum,0,
Copa 2026,RSA 13,Foto do time,Comum,0,
Copa 2026,RSA 14,Bathusi Aubaas,Comum,0,
Copa 2026,RSA 15,Yaya Sithole,Comum,0,
Copa 2026,RSA 16,Sipho Mbule,Comum,0,
Copa 2026,RSA 17,Lyle Foster,Comum,0,
Copa 2026,RSA 18,Iqraam Rayners,Comum,0,
Copa 2026,RSA 19,Mohau Nkota,Comum,0,
Copa 2026,RSA 20,Oswin Appollis,Comum,0,
Copa 2026,KOR 1,Escudo,Especial,0,
Copa 2026,KOR 2,Hyeon-woo Jo,Comum,0,
Copa 2026,KOR 3,Seung-Gyu Kim,Comum,0,
Copa 2026,KOR 4,Min-jae Kim,Comum,0,
Copa 2026,KOR 5,Yu-min Cho,Comum,0,
Copa 2026,KOR 6,Young-woo Seol,Comum,0,
Copa 2026,KOR 7,Han-beom Lee,Comum,0,
Copa 2026,KOR 8,Tae-seok Lee,Comum,0,
Copa 2026,KOR 9,Myung-jae Lee,Comum,0,
Copa 2026,KOR 10,Jae-sung Lee,Comum,0,
Copa 2026,KOR 11,In-beom Hwang,Comum,0,
Copa 2026,KOR 12,Kang-in Lee,Comum,0,
Copa 2026,KOR 13,Foto do time,Comum,0,
Copa 2026,KOR 14,Seung-ho Paik,Comum,0,
Copa 2026,KOR 15,Jens Castrop,Comum,0,
Copa 2026,KOR 16,Dong-gyeong Lee,Comum,0,
Copa 2026,KOR 17,Gue-sung Cho,Comum,0,
Copa 2026,KOR 18,Heung-min Son,Comum,0,
Copa 2026,KOR 19,Hee-chan Hwang,Comum,0,
Copa 2026,KOR 20,Hyeon-Gyu Oh,Comum,0,
Copa 2026,CZE 1,Escudo,Especial,0,
Copa 2026,CZE 2,Matěj Kovář,Comum,0,
Copa 2026,CZE 3,Jindřich Staněk,Comum,0,
Copa 2026,CZE 4,Ladislav Krejčí,Comum,0,
Copa 2026,CZE 5,Vladimír Coufal,Comum,0,
Copa 2026,CZE 6,Jaroslav Zelený,Comum,0,
Copa 2026,CZE 7,Tomáš Holeš,Comum,0,
Copa 2026,CZE 8,David Zima,Comum,0,
Copa 2026,CZE 9,Michal Sadílek,Comum,0,
Copa 2026,CZE 10,Lukáš Provod,Comum,0,
Copa 2026,CZE 11,Lukáš Červ,Comum,0,
Copa 2026,CZE 12,Tomáš Souček,Comum,0,
Copa 2026,CZE 13,Foto do time,Comum,0,
Copa 2026,CZE 14,Pavel Šulc,Comum,0,
Copa 2026,CZE 15,Matěj Vydra,Comum,0,
Copa 2026,CZE 16,Vasil Kušej,Comum,0,
Copa 2026,CZE 17,Tomáš Chorý,Comum,0,
Copa 2026,CZE 18,Václav Černý,Comum,0,
Copa 2026,CZE 19,Adam Hložek,Comum,0,
Copa 2026,CZE 20,Patrik Schick,Comum,0,
Copa 2026,CAN 1,Escudo,Especial,0,
Copa 2026,CAN 2,Dayne St. Clair,Comum,0,
Copa 2026,CAN 3,Alphonso Davies,Comum,0,
Copa 2026,CAN 4,Alistair Johnston,Comum,0,
Copa 2026,CAN 5,Samuel Adekugbe,Comum,0,
Copa 2026,CAN 6,Richie Laryea,Comum,0,
Copa 2026,CAN 7,Derek Cornelius,Comum,0,
Copa 2026,CAN 8,Moïse Bombito,Comum,0,
Copa 2026,CAN 9,Kamal Miller,Comum,0,
Copa 2026,CAN 10,Stephen Eustáquio,Comum,0,
Copa 2026,CAN 11,Ismaël Koné,Comum,0,
Copa 2026,CAN 12,Jonathan Osorio,Comum,0,
Copa 2026,CAN 13,Foto do time,Comum,0,
Copa 2026,CAN 14,Jacob Shaffelburg,Comum,0,
Copa 2026,CAN 15,Mathieu Choinière,Comum,0,
Copa 2026,CAN 16,Niko Sigur,Comum,0,
Copa 2026,CAN 17,Tajon Buchanan,Comum,0,
Copa 2026,CAN 18,Liam Millar,Comum,0,
Copa 2026,CAN 19,Cyle Larin,Comum,0,
Copa 2026,CAN 20,Jonathan David,Comum,0,
Copa 2026,BIH 1,Escudo,Especial,0,
Copa 2026,BIH 2,Nikola Vasilj,Comum,0,
Copa 2026,BIH 3,Amar Dedić,Comum,0,
Copa 2026,BIH 4,Sead Kolašinac,Comum,0,
Copa 2026,BIH 5,Tarik Muharemović,Comum,0,
Copa 2026,BIH 6,Nihad Mujakić,Comum,0,
Copa 2026,BIH 7,Nikola Katić,Comum,0,
Copa 2026,BIH 8,Amir Hadžiahmetović,Comum,0,
Copa 2026,BIH 9,Benjamin Tahirović,Comum,0,
Copa 2026,BIH 10,Armin Gigović,Comum,0,
Copa 2026,BIH 11,Ivan Šunjić,Comum,0,
Copa 2026,BIH 12,Ivan Bašić,Comum,0,
Copa 2026,BIH 13,Foto do time,Comum,0,
Copa 2026,BIH 14,Dženis Burnić,Comum,0,
Copa 2026,BIH 15,Esmir Bajraktarević,Comum,0,
Copa 2026,BIH 16,Amar Memić,Comum,0,
Copa 2026,BIH 17,Ermedin Demirović,Comum,0,
Copa 2026,BIH 18,Edin Džeko,Comum,0,
Copa 2026,BIH 19,Samed Baždar,Comum,0,
Copa 2026,BIH 20,Haris Tabaković,Comum,0,
Copa 2026,QAT 1,Escudo,Especial,0,
Copa 2026,QAT 2,Meshaal Barsham,Comum,0,
Copa 2026,QAT 3,Sultan Albrake,Comum,0,
Copa 2026,QAT 4,Lucas Mendes,Comum,0,
Copa 2026,QAT 5,Homam Ahmed,Comum,0,
Copa 2026,QAT 6,Boualem Khoukhi,Comum,0,
Copa 2026,QAT 7,Pedro Miguel,Comum,0,
Copa 2026,QAT 8,Tarek Salman,Comum,0,
Copa 2026,QAT 9,Mohamed Al-Mannai,Comum,0,
Copa 2026,QAT 10,Karim Boudiaf,Comum,0,
Copa 2026,QAT 11,Assim Madibo,Comum,0,
Copa 2026,QAT 12,Ahmed Fatehi,Comum,0,
Copa 2026,QAT 13,Foto do time,Comum,0,
Copa 2026,QAT 14,Mohammed Waad,Comum,0,
Copa 2026,QAT 15,Abdulaziz Hatem,Comum,0,
Copa 2026,QAT 16,Hassan Al-Haydos,Comum,0,
Copa 2026,QAT 17,Edmilson Junior,Comum,0,
Copa 2026,QAT 18,Akram Hassan Afif,Comum,0,
Copa 2026,QAT 19,Ahmed Al Ganehi,Comum,0,
Copa 2026,QAT 20,Almoez Ali,Comum,0,
Copa 2026,SUI 1,Escudo,Especial,0,
Copa 2026,SUI 2,Gregor Kobel,Comum,0,
Copa 2026,SUI 3,Yvon Mvogo,Comum,0,
Copa 2026,SUI 4,Manuel Akanji,Comum,0,
Copa 2026,SUI 5,Ricardo Rodriguez,Comum,0,
Copa 2026,SUI 6,Nico Elvedi,Comum,0,
Copa 2026,SUI 7,Aurèle Amenda,Comum,0,
Copa 2026,SUI 8,Silvan Widmer,Comum,0,
Copa 2026,SUI 9,Granit Xhaka,Comum,0,
Copa 2026,SUI 10,Denis Zakaria,Comum,0,
Copa 2026,SUI 11,Remo Freuler,Comum,0,
Copa 2026,SUI 12,Fabian Rieder,Comum,0,
Copa 2026,SUI 13,Foto do time,Comum,0,
Copa 2026,SUI 14,Ardon Jashari,Comum,0,
Copa 2026,SUI 15,Johan Manzambi,Comum,0,
Copa 2026,SUI 16,Michel Aebischer,Comum,0,
Copa 2026,SUI 17,Breel Embolo,Comum,0,
Copa 2026,SUI 18,Ruben Vargas,Comum,0,
Copa 2026,SUI 19,Dan Ndoye,Comum,0,
Copa 2026,SUI 20,Zeki Amdouni,Comum,0,
Copa 2026,BRA 1,Escudo,Especial,0,
Copa 2026,BRA 2,Alisson,Comum,0,
Copa 2026,BRA 3,Bento,Comum,0,
Copa 2026,BRA 4,Marquinhos,Comum,0,
Copa 2026,BRA 5,Éder Militão,Comum,0,
Copa 2026,BRA 6,Gabriel Magalhães,Comum,0,
Copa 2026,BRA 7,Danilo,Comum,0,
Copa 2026,BRA 8,Wesley,Comum,0,
Copa 2026,BRA 9,Lucas Paquetá,Comum,0,
Copa 2026,BRA 10,Casemiro,Comum,0,
Copa 2026,BRA 11,Bruno Guimarães,Comum,0,
Copa 2026,BRA 12,Luiz Henrique,Comum,0,
Copa 2026,BRA 13,Foto do time,Comum,0,
Copa 2026,BRA 14,Vinícius Júnior,Comum,0,
Copa 2026,BRA 15,Rodrygo,Comum,0,
Copa 2026,BRA 16,João Pedro,Comum,0,
Copa 2026,BRA 17,Matheus Cunha,Comum,0,
Copa 2026,BRA 18,Gabriel Martinelli,Comum,0,
Copa 2026,BRA 19,Raphinha,Comum,0,
Copa 2026,BRA 20,Estêvão,Comum,0,
Copa 2026,MAR 1,Escudo,Especial,0,
Copa 2026,MAR 2,Yassine Bounou,Comum,0,
Copa 2026,MAR 3,Munir El Kajoui,Comum,0,
Copa 2026,MAR 4,Achraf Hakimi,Comum,0,
Copa 2026,MAR 5,Noussair Mazraoui,Comum,0,
Copa 2026,MAR 6,Nayef Aguerd,Comum,0,
Copa 2026,MAR 7,Romain Saïss,Comum,0,
Copa 2026,MAR 8,Jawad El Yamiq,Comum,0,
Copa 2026,MAR 9,Adam Masina,Comum,0,
Copa 2026,MAR 10,Sofyan Amrabat,Comum,0,
Copa 2026,MAR 11,Azzedine Ounahi,Comum,0,
Copa 2026,MAR 12,Eliesse Ben Seghir,Comum,0,
Copa 2026,MAR 13,Foto do time,Comum,0,
Copa 2026,MAR 14,Bilal El Khannouss,Comum,0,
Copa 2026,MAR 15,Ismael Saibari,Comum,0,
Copa 2026,MAR 16,Youssef En-Nesyri,Comum,0,
Copa 2026,MAR 17,Abde Ezzalzouli,Comum,0,
Copa 2026,MAR 18,Soufiane Rahimi,Comum,0,
Copa 2026,MAR 19,Brahim Díaz,Comum,0,
Copa 2026,MAR 20,Ayoub El Kaabi,Comum,0,
Copa 2026,HAI 1,Escudo,Especial,0,
Copa 2026,HAI 2,Johny Placide,Comum,0,
Copa 2026,HAI 3,Carlens Arcus,Comum,0,
Copa 2026,HAI 4,Martin Expérience,Comum,0,
Copa 2026,HAI 5,Jean-Kevin Duverne,Comum,0,
Copa 2026,HAI 6,Ricardo Adé,Comum,0,
Copa 2026,HAI 7,Duke Lacroix,Comum,0,
Copa 2026,HAI 8,Garven Metusala,Comum,0,
Copa 2026,HAI 9,Hannes Delcroix,Comum,0,
Copa 2026,HAI 10,Leverton Pierre,Comum,0,
Copa 2026,HAI 11,Danley Jean Jacques,Comum,0,
Copa 2026,HAI 12,Jean-Ricner Bellegarde,Comum,0,
Copa 2026,HAI 13,Foto do time,Comum,0,
Copa 2026,HAI 14,Christopher Attys,Comum,0,
Copa 2026,HAI 15,Derrick Etienne Jr.,Comum,0,
Copa 2026,HAI 16,Josué Casimir,Comum,0,
Copa 2026,HAI 17,Ruben Providence,Comum,0,
Copa 2026,HAI 18,Duckens Nazon,Comum,0,
Copa 2026,HAI 19,Louicius Deedson,Comum,0,
Copa 2026,HAI 20,Frantzdy Pierrot,Comum,0,
Copa 2026,SCO 1,Escudo,Especial,0,
Copa 2026,SCO 2,Angus Gunn,Comum,0,
Copa 2026,SCO 3,Jack Hendry,Comum,0,
Copa 2026,SCO 4,Kieran Tierney,Comum,0,
Copa 2026,SCO 5,Aaron Hickey,Comum,0,
Copa 2026,SCO 6,Andrew Robertson,Comum,0,
Copa 2026,SCO 7,Scott McKenna,Comum,0,
Copa 2026,SCO 8,John Souttar,Comum,0,
Copa 2026,SCO 9,Anthony Ralston,Comum,0,
Copa 2026,SCO 10,Grant Hanley,Comum,0,
Copa 2026,SCO 11,Scott McTominay,Comum,0,
Copa 2026,SCO 12,Billy Gilmour,Comum,0,
Copa 2026,SCO 13,Foto do time,Comum,0,
Copa 2026,SCO 14,Lewis Ferguson,Comum,0,
Copa 2026,SCO 15,Ryan Christie,Comum,0,
Copa 2026,SCO 16,Kenny McLean,Comum,0,
Copa 2026,SCO 17,John McGinn,Comum,0,
Copa 2026,SCO 18,Lyndon Dykes,Comum,0,
Copa 2026,SCO 19,Che Adams,Comum,0,
Copa 2026,SCO 20,Ben Gannon-Doak,Comum,0,
Copa 2026,USA 1,Escudo,Especial,0,
Copa 2026,USA 2,Matt Freese,Comum,0,
Copa 2026,USA 3,Chris Richards,Comum,0,
Copa 2026,USA 4,Tim Ream,Comum,0,
Copa 2026,USA 5,Mark McKenzie,Comum,0,
Copa 2026,USA 6,Alex Freeman,Comum,0,
Copa 2026,USA 7,Antonee Robinson,Comum,0,
Copa 2026,USA 8,Tyler Adams,Comum,0,
Copa 2026,USA 9,Tanner Tessmann,Comum,0,
Copa 2026,USA 10,Weston McKennie,Comum,0,
Copa 2026,USA 11,Christian Roldan,Comum,0,
Copa 2026,USA 12,Timothy Weah,Comum,0,
Copa 2026,USA 13,Foto do time,Comum,0,
Copa 2026,USA 14,Diego Luna,Comum,0,
Copa 2026,USA 15,Malik Tillman,Comum,0,
Copa 2026,USA 16,Christian Pulisic,Comum,0,
Copa 2026,USA 17,Brenden Aaronson,Comum,0,
Copa 2026,USA 18,Ricardo Pepi,Comum,0,
Copa 2026,USA 19,Haji Wright,Comum,0,
Copa 2026,USA 20,Folarin Balogun,Comum,0,
Copa 2026,PAR 1,Escudo,Especial,0,
Copa 2026,PAR 2,Roberto Fernández,Comum,0,
Copa 2026,PAR 3,Orlando Gill,Comum,0,
Copa 2026,PAR 4,Gustavo Gómez,Comum,0,
Copa 2026,PAR 5,Fabián Balbuena,Comum,0,
Copa 2026,PAR 6,Juan José Cáceres,Comum,0,
Copa 2026,PAR 7,Omar Alderete,Comum,0,
Copa 2026,PAR 8,Junior Alonso,Comum,0,
Copa 2026,PAR 9,Mathías Villasanti,Comum,0,
Copa 2026,PAR 10,Diego Gómez,Comum,0,
Copa 2026,PAR 11,Damián Bobadilla,Comum,0,
Copa 2026,PAR 12,Andrés Cubas,Comum,0,
Copa 2026,PAR 13,Foto do time,Comum,0,
Copa 2026,PAR 14,Matías Galarza Fonda,Comum,0,
Copa 2026,PAR 15,Julio Enciso,Comum,0,
Copa 2026,PAR 16,Alejandro Romero Gamarra,Comum,0,
Copa 2026,PAR 17,Miguel Almirón,Comum,0,
Copa 2026,PAR 18,Ramón Sosa,Comum,0,
Copa 2026,PAR 19,Ángel Romero,Comum,0,
Copa 2026,PAR 20,Antonio Sanabria,Comum,0,
Copa 2026,AUS 1,Escudo,Especial,0,
Copa 2026,AUS 2,Mathew Ryan,Comum,0,
Copa 2026,AUS 3,Joe Gauci,Comum,0,
Copa 2026,AUS 4,Harry Souttar,Comum,0,
Copa 2026,AUS 5,Alessandro Circati,Comum,0,
Copa 2026,AUS 6,Jordan Bos,Comum,0,
Copa 2026,AUS 7,Aziz Behich,Comum,0,
Copa 2026,AUS 8,Cameron Burgess,Comum,0,
Copa 2026,AUS 9,Lewis Miller,Comum,0,
Copa 2026,AUS 10,Milos Degenek,Comum,0,
Copa 2026,AUS 11,Jackson Irvine,Comum,0,
Copa 2026,AUS 12,Riley McGree,Comum,0,
Copa 2026,AUS 13,Foto do time,Comum,0,
Copa 2026,AUS 14,Aiden O'Neill,Comum,0,
Copa 2026,AUS 15,Connor Metcalfe,Comum,0,
Copa 2026,AUS 16,Patrick Yazbek,Comum,0,
Copa 2026,AUS 17,Craig Goodwin,Comum,0,
Copa 2026,AUS 18,Kusini Yengi,Comum,0,
Copa 2026,AUS 19,Nestory Irankunda,Comum,0,
Copa 2026,AUS 20,Mohamed Touré,Comum,0,
Copa 2026,TUR 1,Escudo,Especial,0,
Copa 2026,TUR 2,Ugurcan Cakir,Comum,0,
Copa 2026,TUR 3,Mert Muldur,Comum,0,
Copa 2026,TUR 4,Zeki Celik,Comum,0,
Copa 2026,TUR 5,Abdulkerim Bardakci,Comum,0,
Copa 2026,TUR 6,Caglar Soyuncu,Comum,0,
Copa 2026,TUR 7,Merih Demiral,Comum,0,
Copa 2026,TUR 8,Ferdi Kadioglu,Comum,0,
Copa 2026,TUR 9,Kaan Ayhan,Comum,0,
Copa 2026,TUR 10,Ismail Yuksek,Comum,0,
Copa 2026,TUR 11,Hakan Calhanoglu,Comum,0,
Copa 2026,TUR 12,Orkun Kokcu,Comum,0,
Copa 2026,TUR 13,Foto do time,Comum,0,
Copa 2026,TUR 14,Arda Güler,Comum,0,
Copa 2026,TUR 15,Irfan Can Kahveci,Comum,0,
Copa 2026,TUR 16,Yunus Akgun,Comum,0,
Copa 2026,TUR 17,Can Uzun,Comum,0,
Copa 2026,TUR 18,Baris Alper Yilmaz,Comum,0,
Copa 2026,TUR 19,Kerem Akturkoglu,Comum,0,
Copa 2026,TUR 20,Kenan Yildiz,Comum,0,
Copa 2026,GER 1,Escudo,Especial,0,
Copa 2026,GER 2,Marc-André ter Stegen,Comum,0,
Copa 2026,GER 3,Jonathan Tah,Comum,0,
Copa 2026,GER 4,David Raum,Comum,0,
Copa 2026,GER 5,Nico Schlotterbeck,Comum,0,
Copa 2026,GER 6,Antonio Rüdiger,Comum,0,
Copa 2026,GER 7,Waldemar Anton,Comum,0,
Copa 2026,GER 8,Ridle Baku,Comum,0,
Copa 2026,GER 9,Maximilian Mittelstädt,Comum,0,
Copa 2026,GER 10,Joshua Kimmich,Comum,0,
Copa 2026,GER 11,Florian Wirtz,Comum,0,
Copa 2026,GER 12,Felix Nmecha,Comum,0,
Copa 2026,GER 13,Foto do time,Comum,0,
Copa 2026,GER 14,Leon Goretzka,Comum,0,
Copa 2026,GER 15,Jamal Musiala,Comum,0,
Copa 2026,GER 16,Serge Gnabry,Comum,0,
Copa 2026,GER 17,Kai Havertz,Comum,0,
Copa 2026,GER 18,Leroy Sané,Comum,0,
Copa 2026,GER 19,Karim Adeyemi,Comum,0,
Copa 2026,GER 20,Nick Woltemade,Comum,0,
Copa 2026,CUW 1,Escudo,Especial,0,
Copa 2026,CUW 2,Eloy Room,Comum,0,
Copa 2026,CUW 3,Armando Obispo,Comum,0,
Copa 2026,CUW 4,Sherel Floranus,Comum,0,
Copa 2026,CUW 5,Jurien Gaari,Comum,0,
Copa 2026,CUW 6,Joshua Brenet,Comum,0,
Copa 2026,CUW 7,Roshon Van Eijma,Comum,0,
Copa 2026,CUW 8,Shurandy Sambo,Comum,0,
Copa 2026,CUW 9,Livano Comenencia,Comum,0,
Copa 2026,CUW 10,Godfried Roemeratoe,Comum,0,
Copa 2026,CUW 11,Juninho Bacuna,Comum,0,
Copa 2026,CUW 12,Leandro Bacuna,Comum,0,
Copa 2026,CUW 13,Foto do time,Comum,0,
Copa 2026,CUW 14,Tahith Chong,Comum,0,
Copa 2026,CUW 15,Kenji Gorré,Comum,0,
Copa 2026,CUW 16,Jearl Margaritha,Comum,0,
Copa 2026,CUW 17,Jurgen Locadia,Comum,0,
Copa 2026,CUW 18,Jeremy Antonisse,Comum,0,
Copa 2026,CUW 19,Gervane Kastaneer,Comum,0,
Copa 2026,CUW 20,Sontje Hansen,Comum,0,
Copa 2026,CIV 1,Escudo,Especial,0,
Copa 2026,CIV 2,Yahia Fofana,Comum,0,
Copa 2026,CIV 3,Ghislain Konan,Comum,0,
Copa 2026,CIV 4,Wilfried Singo,Comum,0,
Copa 2026,CIV 5,Odilon Kossounou,Comum,0,
Copa 2026,CIV 6,Evan Ndicka,Comum,0,
Copa 2026,CIV 7,Willy Boly,Comum,0,
Copa 2026,CIV 8,Emmanuel Agbadou,Comum,0,
Copa 2026,CIV 9,Ousmane Diomande,Comum,0,
Copa 2026,CIV 10,Franck Kessié,Comum,0,
Copa 2026,CIV 11,Seko Fofana,Comum,0,
Copa 2026,CIV 12,Ibrahim Sangaré,Comum,0,
Copa 2026,CIV 13,Foto do time,Comum,0,
Copa 2026,CIV 14,Jean-Philippe Gbamin,Comum,0,
Copa 2026,CIV 15,Amad Diallo,Comum,0,
Copa 2026,CIV 16,Sébastien Haller,Comum,0,
Copa 2026,CIV 17,Simon Adingra,Comum,0,
Copa 2026,CIV 18,Yan Diomande,Comum,0,
Copa 2026,CIV 19,Evann Guessand,Comum,0,
Copa 2026,CIV 20,Oumar Diakité,Comum,0,
Copa 2026,ECU 1,Escudo,Especial,0,
Copa 2026,ECU 2,Hernán Galíndez,Comum,0,
Copa 2026,ECU 3,Gonzalo Valle,Comum,0,
Copa 2026,ECU 4,Piero Hincapié,Comum,0,
Copa 2026,ECU 5,Pervis Estupiñán,Comum,0,
Copa 2026,ECU 6,Willian Pacho,Comum,0,
Copa 2026,ECU 7,Ángelo Preciado,Comum,0,
Copa 2026,ECU 8,Joel Ordóñez,Comum,0,
Copa 2026,ECU 9,Moisés Caicedo,Comum,0,
Copa 2026,ECU 10,Alan Franco,Comum,0,
Copa 2026,ECU 11,Kendry Páez,Comum,0,
Copa 2026,ECU 12,Pedro Vite,Comum,0,
Copa 2026,ECU 13,Foto do time,Comum,0,
Copa 2026,ECU 14,John Yeboah,Comum,0,
Copa 2026,ECU 15,Leonardo Campana,Comum,0,
Copa 2026,ECU 16,Gonzalo Plata,Comum,0,
Copa 2026,ECU 17,Nilson Angulo,Comum,0,
Copa 2026,ECU 18,Alan Minda,Comum,0,
Copa 2026,ECU 19,Kevin Rodríguez,Comum,0,
Copa 2026,ECU 20,Enner Valencia,Comum,0,
Copa 2026,NED 1,Escudo,Especial,0,
Copa 2026,NED 2,Bart Verbruggen,Comum,0,
Copa 2026,NED 3,Virgil van Dijk,Comum,0,
Copa 2026,NED 4,Micky van de Ven,Comum,0,
Copa 2026,NED 5,Jurriën Timber,Comum,0,
Copa 2026,NED 6,Denzel Dumfries,Comum,0,
Copa 2026,NED 7,Nathan Aké,Comum,0,
Copa 2026,NED 8,Jeremie Frimpong,Comum,0,
Copa 2026,NED 9,Jan Paul van Hecke,Comum,0,
Copa 2026,NED 10,Tijjani Reijnders,Comum,0,
Copa 2026,NED 11,Ryan Gravenberch,Comum,0,
Copa 2026,NED 12,Teun Koopmeiners,Comum,0,
Copa 2026,NED 13,Foto do time,Comum,0,
Copa 2026,NED 14,Frenkie de Jong,Comum,0,
Copa 2026,NED 15,Xavi Simons,Comum,0,
Copa 2026,NED 16,Justin Kluivert,Comum,0,
Copa 2026,NED 17,Memphis Depay,Comum,0,
Copa 2026,NED 18,Donyell Malen,Comum,0,
Copa 2026,NED 19,Wout Weghorst,Comum,0,
Copa 2026,NED 20,Cody Gakpo,Comum,0,
Copa 2026,JPN 1,Escudo,Especial,0,
Copa 2026,JPN 2,Zion Suzuki,Comum,0,
Copa 2026,JPN 3,Henry Heroki Mochizuki,Comum,0,
Copa 2026,JPN 4,Ayumu Seko,Comum,0,
Copa 2026,JPN 5,Junnosuke Suzuki,Comum,0,
Copa 2026,JPN 6,Shogo Taniguchi,Comum,0,
Copa 2026,JPN 7,Tsuyoshi Watanabe,Comum,0,
Copa 2026,JPN 8,Kaishu Sano,Comum,0,
Copa 2026,JPN 9,Yuki Soma,Comum,0,
Copa 2026,JPN 10,Ao Tanaka,Comum,0,
Copa 2026,JPN 11,Daichi Kamada,Comum,0,
Copa 2026,JPN 12,Takefusa Kubo,Comum,0,
Copa 2026,JPN 13,Foto do time,Comum,0,
Copa 2026,JPN 14,Ritsu Doan,Comum,0,
Copa 2026,JPN 15,Keito Nakamura,Comum,0,
Copa 2026,JPN 16,Takumi Minamino,Comum,0,
Copa 2026,JPN 17,Shuto Machino,Comum,0,
Copa 2026,JPN 18,Junya Ito,Comum,0,
Copa 2026,JPN 19,Koki Ogawa,Comum,0,
Copa 2026,JPN 20,Ayase Ueda,Comum,0,
Copa 2026,SWE 1,Escudo,Especial,0,
Copa 2026,SWE 2,Victor Johansson,Comum,0,
Copa 2026,SWE 3,Isak Hien,Comum,0,
Copa 2026,SWE 4,Gabriel Gudmundsson,Comum,0,
Copa 2026,SWE 5,Emil Holm,Comum,0,
Copa 2026,SWE 6,Victor Nilsson Lindelöf,Comum,0,
Copa 2026,SWE 7,Gustaf Lagerbielke,Comum,0,
Copa 2026,SWE 8,Lucas Bergvall,Comum,0,
Copa 2026,SWE 9,Hugo Larsson,Comum,0,
Copa 2026,SWE 10,Jesper Karlström,Comum,0,
Copa 2026,SWE 11,Yasin Ayari,Comum,0,
Copa 2026,SWE 12,Mattias Svanberg,Comum,0,
Copa 2026,SWE 13,Foto do time,Comum,0,
Copa 2026,SWE 14,Daniel Svensson,Comum,0,
Copa 2026,SWE 15,Ken Sema,Comum,0,
Copa 2026,SWE 16,Roony Bardghji,Comum,0,
Copa 2026,SWE 17,Dejan Kulusevski,Comum,0,
Copa 2026,SWE 18,Anthony Elanga,Comum,0,
Copa 2026,SWE 19,Alexander Isak,Comum,0,
Copa 2026,SWE 20,Viktor Gyökeres,Comum,0,
Copa 2026,TUN 1,Escudo,Especial,0,
Copa 2026,TUN 2,Bechir Ben Said,Comum,0,
Copa 2026,TUN 3,Aymen Dahmen,Comum,0,
Copa 2026,TUN 4,Yan Valery,Comum,0,
Copa 2026,TUN 5,Montassar Talbi,Comum,0,
Copa 2026,TUN 6,Yassine Meriah,Comum,0,
Copa 2026,TUN 7,Ali Abdi,Comum,0,
Copa 2026,TUN 8,Dylan Bronn,Comum,0,
Copa 2026,TUN 9,Ellyes Skhiri,Comum,0,
Copa 2026,TUN 10,Aissa Laidouni,Comum,0,
Copa 2026,TUN 11,Ferjani Sassi,Comum,0,
Copa 2026,TUN 12,Mohamed Ali Ben Romdhane,Comum,0,
Copa 2026,TUN 13,Foto do time,Comum,0,
Copa 2026,TUN 14,Hannibal Mejbri,Comum,0,
Copa 2026,TUN 15,Elias Achouri,Comum,0,
Copa 2026,TUN 16,Elias Saad,Comum,0,
Copa 2026,TUN 17,Hazem Mastouri,Comum,0,
Copa 2026,TUN 18,Ismael Gharbi,Comum,0,
Copa 2026,TUN 19,Sayfallah Ltaief,Comum,0,
Copa 2026,TUN 20,Naim Sliti,Comum,0,
Copa 2026,BEL 1,Escudo,Especial,0,
Copa 2026,BEL 2,Thibaut Courtois,Comum,0,
Copa 2026,BEL 3,Arthur Theate,Comum,0,
Copa 2026,BEL 4,Timothy Castagne,Comum,0,
Copa 2026,BEL 5,Zeno Debast,Comum,0,
Copa 2026,BEL 6,Brandon Mechele,Comum,0,
Copa 2026,BEL 7,Maxim De Cuyper,Comum,0,
Copa 2026,BEL 8,Thomas Meunier,Comum,0,
Copa 2026,BEL 9,Youri Tielemans,Comum,0,
Copa 2026,BEL 10,Amadou Onana,Comum,0,
Copa 2026,BEL 11,Nicolas Raskin,Comum,0,
Copa 2026,BEL 12,Alexis Saelemaekers,Comum,0,
Copa 2026,BEL 13,Foto do time,Comum,0,
Copa 2026,BEL 14,Hans Vanaken,Comum,0,
Copa 2026,BEL 15,Kevin De Bruyne,Comum,0,
Copa 2026,BEL 16,Jérémy Doku,Comum,0,
Copa 2026,BEL 17,Charles De Ketelaere,Comum,0,
Copa 2026,BEL 18,Leandro Trossard,Comum,0,
Copa 2026,BEL 19,Loïs Openda,Comum,0,
Copa 2026,BEL 20,Romelu Lukaku,Comum,0,
Copa 2026,EGY 1,Escudo,Especial,0,
Copa 2026,EGY 2,Mohamed El Shenawy,Comum,0,
Copa 2026,EGY 3,Mohamed Hany,Comum,0,
Copa 2026,EGY 4,Mohamed Hamdy,Comum,0,
Copa 2026,EGY 5,Yasser Ibrahim,Comum,0,
Copa 2026,EGY 6,Khaled Sobhi,Comum,0,
Copa 2026,EGY 7,Ramy Rabia,Comum,0,
Copa 2026,EGY 8,Hossam Abdelmaguid,Comum,0,
Copa 2026,EGY 9,Ahmed Fatouh,Comum,0,
Copa 2026,EGY 10,Marwan Attia,Comum,0,
Copa 2026,EGY 11,Zizo,Comum,0,
Copa 2026,EGY 12,Hamdy Fathy,Comum,0,
Copa 2026,EGY 13,Foto do time,Comum,0,
Copa 2026,EGY 14,Mohamed Lasheen,Comum,0,
Copa 2026,EGY 15,Emam Ashour,Comum,0,
Copa 2026,EGY 16,Osama Faisal,Comum,0,
Copa 2026,EGY 17,Mohamed Salah,Comum,0,
Copa 2026,EGY 18,Mostafa Mohamed,Comum,0,
Copa 2026,EGY 19,Trezeguet,Comum,0,
Copa 2026,EGY 20,Omar Marmoush,Comum,0,
Copa 2026,IRN 1,Escudo,Especial,0,
Copa 2026,IRN 2,Alireza Beiranvand,Comum,0,
Copa 2026,IRN 3,Morteza Pouraliganji,Comum,0,
Copa 2026,IRN 4,Ehsan Hajsafi,Comum,0,
Copa 2026,IRN 5,Milad Mohammadi,Comum,0,
Copa 2026,IRN 6,Shoja Khalilzadeh,Comum,0,
Copa 2026,IRN 7,Ramin Rezaeian,Comum,0,
Copa 2026,IRN 8,Hossein Kanaani,Comum,0,
Copa 2026,IRN 9,Sadegh Moharrami,Comum,0,
Copa 2026,IRN 10,Saleh Hardani,Comum,0,
Copa 2026,IRN 11,Saeed Ezatolahi,Comum,0,
Copa 2026,IRN 12,Saman Ghoddos,Comum,0,
Copa 2026,IRN 13,Foto do time,Comum,0,
Copa 2026,IRN 14,Omid Noorafkan,Comum,0,
Copa 2026,IRN 15,Roozbeh Cheshmi,Comum,0,
Copa 2026,IRN 16,Mohammad Mohebi,Comum,0,
Copa 2026,IRN 17,Sardar Azmoun,Comum,0,
Copa 2026,IRN 18,Mehdi Taremi,Comum,0,
Copa 2026,IRN 19,Alireza Jahanbakhsh,Comum,0,
Copa 2026,IRN 20,Ali Gholizadeh,Comum,0,
Copa 2026,NZL 1,Escudo,Especial,0,
Copa 2026,NZL 2,Max Crocombe-Payne,Comum,0,
Copa 2026,NZL 3,Alex Paulsen,Comum,0,
Copa 2026,NZL 4,Michael Boxall,Comum,0,
Copa 2026,NZL 5,Liberato Cacace,Comum,0,
Copa 2026,NZL 6,Tim Payne,Comum,0,
Copa 2026,NZL 7,Tyler Bindon,Comum,0,
Copa 2026,NZL 8,Francis de Vries,Comum,0,
Copa 2026,NZL 9,Finn Surman,Comum,0,
Copa 2026,NZL 10,Joe Bell,Comum,0,
Copa 2026,NZL 11,Sarpreet Singh,Comum,0,
Copa 2026,NZL 12,Ryan Thomas,Comum,0,
Copa 2026,NZL 13,Foto do time,Comum,0,
Copa 2026,NZL 14,Matthew Garbett,Comum,0,
Copa 2026,NZL 15,Marko Stamenić,Comum,0,
Copa 2026,NZL 16,Ben Old,Comum,0,
Copa 2026,NZL 17,Chris Wood,Comum,0,
Copa 2026,NZL 18,Elijah Just,Comum,0,
Copa 2026,NZL 19,Callum McCowatt,Comum,0,
Copa 2026,NZL 20,Kosta Barbarouses,Comum,0,
Copa 2026,ESP 1,Escudo,Especial,0,
Copa 2026,ESP 2,Unai Simón,Comum,0,
Copa 2026,ESP 3,Robin Le Normand,Comum,0,
Copa 2026,ESP 4,Aymeric Laporte,Comum,0,
Copa 2026,ESP 5,Dean Huijsen,Comum,0,
Copa 2026,ESP 6,Pedro Porro,Comum,0,
Copa 2026,ESP 7,Dani Carvajal,Comum,0,
Copa 2026,ESP 8,Marc Cucurella,Comum,0,
Copa 2026,ESP 9,Martín Zubimendi,Comum,0,
Copa 2026,ESP 10,Rodri,Comum,0,
Copa 2026,ESP 11,Pedri,Comum,0,
Copa 2026,ESP 12,Fabián Ruiz,Comum,0,
Copa 2026,ESP 13,Foto do time,Comum,0,
Copa 2026,ESP 14,Mikel Merino,Comum,0,
Copa 2026,ESP 15,Lamine Yamal,Comum,0,
Copa 2026,ESP 16,Dani Olmo,Comum,0,
Copa 2026,ESP 17,Nico Williams,Comum,0,
Copa 2026,ESP 18,Ferran Torres,Comum,0,
Copa 2026,ESP 19,Álvaro Morata,Comum,0,
Copa 2026,ESP 20,Mikel Oyarzabal,Comum,0,
Copa 2026,CPV 1,Escudo,Especial,0,
Copa 2026,CPV 2,Vozinha,Comum,0,
Copa 2026,CPV 3,Logan Costa,Comum,0,
Copa 2026,CPV 4,Pico,Comum,0,
Copa 2026,CPV 5,Diney,Comum,0,
Copa 2026,CPV 6,Steven Moreira,Comum,0,
Copa 2026,CPV 7,Wagner Pina,Comum,0,
Copa 2026,CPV 8,João Paulo,Comum,0,
Copa 2026,CPV 9,Yannick Semedo,Comum,0,
Copa 2026,CPV 10,Kevin Pina,Comum,0,
Copa 2026,CPV 11,Patrick Andrade,Comum,0,
Copa 2026,CPV 12,Jamiro Monteiro,Comum,0,
Copa 2026,CPV 13,Foto do time,Comum,0,
Copa 2026,CPV 14,Deroy Duarte,Comum,0,
Copa 2026,CPV 15,Garry Rodrigues,Comum,0,
Copa 2026,CPV 16,Jovane Cabral,Comum,0,
Copa 2026,CPV 17,Ryan Mendes,Comum,0,
Copa 2026,CPV 18,Dailon Livramento,Comum,0,
Copa 2026,CPV 19,Willy Semedo,Comum,0,
Copa 2026,CPV 20,Bebé,Comum,0,
Copa 2026,KSA 1,Escudo,Especial,0,
Copa 2026,KSA 2,Nawaf Alaqidi,Comum,0,
Copa 2026,KSA 3,Abdulrahman Al-Sanbi,Comum,0,
Copa 2026,KSA 4,Saud Abdulhamid,Comum,0,
Copa 2026,KSA 5,Nawaf Boushal,Comum,0,
Copa 2026,KSA 6,Jihad Thakri,Comum,0,
Copa 2026,KSA 7,Moteb Al-Harbi,Comum,0,
Copa 2026,KSA 8,Hassan Altambakti,Comum,0,
Copa 2026,KSA 9,Musab Aljuwayr,Comum,0,
Copa 2026,KSA 10,Ziyad Aljohani,Comum,0,
Copa 2026,KSA 11,Abdullah Alkhaibari,Comum,0,
Copa 2026,KSA 12,Nasser Aldawsari,Comum,0,
Copa 2026,KSA 13,Foto do time,Comum,0,
Copa 2026,KSA 14,Saleh Abu Alshamat,Comum,0,
Copa 2026,KSA 15,Marwan Alsahafi,Comum,0,
Copa 2026,KSA 16,Salem Aldawsari,Comum,0,
Copa 2026,KSA 17,Abdulrahman Al-Aboud,Comum,0,
Copa 2026,KSA 18,Feras Albrikan,Comum,0,
Copa 2026,KSA 19,Saleh Alshehri,Comum,0,
Copa 2026,KSA 20,Abdullah Al-Hamdan,Comum,0,
Copa 2026,URU 1,Escudo,Especial,0,
Copa 2026,URU 2,Sergio Rochet,Comum,0,
Copa 2026,URU 3,Santiago Mele,Comum,0,
Copa 2026,URU 4,Ronald Araujo,Comum,0,
Copa 2026,URU 5,José María Giménez,Comum,0,
Copa 2026,URU 6,Sebastian Caceres,Comum,0,
Copa 2026,URU 7,Mathias Olivera,Comum,0,
Copa 2026,URU 8,Guillermo Varela,Comum,0,
Copa 2026,URU 9,Nahitan Nandez,Comum,0,
Copa 2026,URU 10,Federico Valverde,Comum,0,
Copa 2026,URU 11,Giorgian De Arrascaeta,Comum,0,
Copa 2026,URU 12,Rodrigo Bentancur,Comum,0,
Copa 2026,URU 13,Foto do time,Comum,0,
Copa 2026,URU 14,Manuel Ugarte,Comum,0,
Copa 2026,URU 15,Nicolás de la Cruz,Comum,0,
Copa 2026,URU 16,Maxi Araujo,Comum,0,
Copa 2026,URU 17,Darwin Núñez,Comum,0,
Copa 2026,URU 18,Federico Viñas,Comum,0,
Copa 2026,URU 19,Rodrigo Aguirre,Comum,0,
Copa 2026,URU 20,Facundo Pellistri,Comum,0,
Copa 2026,FRA 1,Escudo,Especial,0,
Copa 2026,FRA 2,Mike Maignan,Comum,0,
Copa 2026,FRA 3,Theo Hernández,Comum,0,
Copa 2026,FRA 4,William Saliba,Comum,0,
Copa 2026,FRA 5,Jules Koundé,Comum,0,
Copa 2026,FRA 6,Ibrahima Konaté,Comum,0,
Copa 2026,FRA 7,Dayot Upamecano,Comum,0,
Copa 2026,FRA 8,Lucas Digne,Comum,0,
Copa 2026,FRA 9,Aurélien Tchouaméni,Comum,0,
Copa 2026,FRA 10,Eduardo Camavinga,Comum,0,
Copa 2026,FRA 11,Manu Koné,Comum,0,
Copa 2026,FRA 12,Adrien Rabiot,Comum,0,
Copa 2026,FRA 13,Foto do time,Comum,0,
Copa 2026,FRA 14,Michael Olise,Comum,0,
Copa 2026,FRA 15,Ousmane Dembélé,Comum,0,
Copa 2026,FRA 16,Bradley Barcola,Comum,0,
Copa 2026,FRA 17,Désiré Doué,Comum,0,
Copa 2026,FRA 18,Kingsley Coman,Comum,0,
Copa 2026,FRA 19,Hugo Ekitike,Comum,0,
Copa 2026,FRA 20,Kylian Mbappé,Comum,0,
Copa 2026,SEN 1,Escudo,Especial,0,
Copa 2026,SEN 2,Édouard Mendy,Comum,0,
Copa 2026,SEN 3,Yehvann Diouf,Comum,0,
Copa 2026,SEN 4,Moussa Niakhaté,Comum,0,
Copa 2026,SEN 5,Abdoulaye Seck,Comum,0,
Copa 2026,SEN 6,Ismail Jakobs,Comum,0,
Copa 2026,SEN 7,El Hadji Malick Diouf,Comum,0,
Copa 2026,SEN 8,Kalidou Koulibaly,Comum,0,
Copa 2026,SEN 9,Idrissa Gana Gueye,Comum,0,
Copa 2026,SEN 10,Pape Matar Sarr,Comum,0,
Copa 2026,SEN 11,Pape Gueye,Comum,0,
Copa 2026,SEN 12,Habib Diarra,Comum,0,
Copa 2026,SEN 13,Foto do time,Comum,0,
Copa 2026,SEN 14,Lamine Camara,Comum,0,
Copa 2026,SEN 15,Sadio Mané,Comum,0,
Copa 2026,SEN 16,Ismaïla Sarr,Comum,0,
Copa 2026,SEN 17,Boulaye Dia,Comum,0,
Copa 2026,SEN 18,Iliman Ndiaye,Comum,0,
Copa 2026,SEN 19,Nicolas Jackson,Comum,0,
Copa 2026,SEN 20,Krepin Diatta,Comum,0,
Copa 2026,IRQ 1,Escudo,Especial,0,
Copa 2026,IRQ 2,Jalal Hassan,Comum,0,
Copa 2026,IRQ 3,Rebin Sulaka,Comum,0,
Copa 2026,IRQ 4,Hussein Ali,Comum,0,
Copa 2026,IRQ 5,Akam Hashem,Comum,0,
Copa 2026,IRQ 6,Merchas Doski,Comum,0,
Copa 2026,IRQ 7,Zaid Tahseen,Comum,0,
Copa 2026,IRQ 8,Manaf Younis,Comum,0,
Copa 2026,IRQ 9,Zidane Iqbal,Comum,0,
Copa 2026,IRQ 10,Amir Al-Ammari,Comum,0,
Copa 2026,IRQ 11,Ibrahim Bayesh,Comum,0,
Copa 2026,IRQ 12,Ali Jasim,Comum,0,
Copa 2026,IRQ 13,Foto do time,Comum,0,
Copa 2026,IRQ 14,Youssef Amyn,Comum,0,
Copa 2026,IRQ 15,Aimar Sher,Comum,0,
Copa 2026,IRQ 16,Marko Farji,Comum,0,
Copa 2026,IRQ 17,Osama Rashid,Comum,0,
Copa 2026,IRQ 18,Ali Al-Hamadi,Comum,0,
Copa 2026,IRQ 19,Aymen Hussein,Comum,0,
Copa 2026,IRQ 20,Mohanad Ali,Comum,0,
Copa 2026,NOR 1,Escudo,Especial,0,
Copa 2026,NOR 2,Ørjan Nyland,Comum,0,
Copa 2026,NOR 3,Julian Ryerson,Comum,0,
Copa 2026,NOR 4,Leo Østigård,Comum,0,
Copa 2026,NOR 5,Kristoffer Ajer,Comum,0,
Copa 2026,NOR 6,Marcus Holmgren Pedersen,Comum,0,
Copa 2026,NOR 7,David Møller Wolfe,Comum,0,
Copa 2026,NOR 8,Torbjørn Heggem,Comum,0,
Copa 2026,NOR 9,Morten Thorsby,Comum,0,
Copa 2026,NOR 10,Martin Ødegaard,Comum,0,
Copa 2026,NOR 11,Sander Berge,Comum,0,
Copa 2026,NOR 12,Andreas Schjelderup,Comum,0,
Copa 2026,NOR 13,Foto do time,Comum,0,
Copa 2026,NOR 14,Patrick Berg,Comum,0,
Copa 2026,NOR 15,Erling Haaland,Comum,0,
Copa 2026,NOR 16,Alexander Sørloth,Comum,0,
Copa 2026,NOR 17,Aron Dønnum,Comum,0,
Copa 2026,NOR 18,Jørgen Strand Larsen,Comum,0,
Copa 2026,NOR 19,Antonio Nusa,Comum,0,
Copa 2026,NOR 20,Oscar Bobb,Comum,0,
Copa 2026,ARG 1,Escudo,Especial,0,
Copa 2026,ARG 2,Emiliano Martínez,Comum,0,
Copa 2026,ARG 3,Nahuel Molina,Comum,0,
Copa 2026,ARG 4,Cristian Romero,Comum,0,
Copa 2026,ARG 5,Nicolás Otamendi,Comum,0,
Copa 2026,ARG 6,Nicolás Tagliafico,Comum,0,
Copa 2026,ARG 7,Leonardo Balerdi,Comum,0,
Copa 2026,ARG 8,Enzo Fernández,Comum,0,
Copa 2026,ARG 9,Alexis Mac Allister,Comum,0,
Copa 2026,ARG 10,Rodrigo De Paul,Comum,0,
Copa 2026,ARG 11,Exequiel Palacios,Comum,0,
Copa 2026,ARG 12,Leandro Paredes,Comum,0,
Copa 2026,ARG 13,Foto do time,Comum,0,
Copa 2026,ARG 14,Nico Paz,Comum,0,
Copa 2026,ARG 15,Franco Mastantuono,Comum,0,
Copa 2026,ARG 16,Nico González,Comum,0,
Copa 2026,ARG 17,Lionel Messi,Comum,0,
Copa 2026,ARG 18,Lautaro Martínez,Comum,0,
Copa 2026,ARG 19,Julián Álvarez,Comum,0,
Copa 2026,ARG 20,Giuliano Simeone,Comum,0,
Copa 2026,ALG 1,Escudo,Especial,0,
Copa 2026,ALG 2,Alexis Guendouz,Comum,0,
Copa 2026,ALG 3,Ramy Bensebaini,Comum,0,
Copa 2026,ALG 4,Youcef Atal,Comum,0,
Copa 2026,ALG 5,Rayan Aït-Nouri,Comum,0,
Copa 2026,ALG 6,Mohamed Amine Tougai,Comum,0,
Copa 2026,ALG 7,Aïssa Mandi,Comum,0,
Copa 2026,ALG 8,Ismael Bennacer,Comum,0,
Copa 2026,ALG 9,Houssem Aouar,Comum,0,
Copa 2026,ALG 10,Hicham Boudaoui,Comum,0,
Copa 2026,ALG 11,Ramiz Zerrouki,Comum,0,
Copa 2026,ALG 12,Nabil Bentaleb,Comum,0,
Copa 2026,ALG 13,Foto do time,Comum,0,
Copa 2026,ALG 14,Farés Chaibi,Comum,0,
Copa 2026,ALG 15,Riyad Mahrez,Comum,0,
Copa 2026,ALG 16,Said Benrahma,Comum,0,
Copa 2026,ALG 17,Anis Hadj Moussa,Comum,0,
Copa 2026,ALG 18,Amine Gouiri,Comum,0,
Copa 2026,ALG 19,Baghdad Bounedjah,Comum,0,
Copa 2026,ALG 20,Mohammed Amoura,Comum,0,
Copa 2026,AUT 1,Escudo,Especial,0,
Copa 2026,AUT 2,Alexander Schlager,Comum,0,
Copa 2026,AUT 3,Patrick Pentz,Comum,0,
Copa 2026,AUT 4,David Alaba,Comum,0,
Copa 2026,AUT 5,Kevin Danso,Comum,0,
Copa 2026,AUT 6,Philipp Lienhart,Comum,0,
Copa 2026,AUT 7,Stefan Posch,Comum,0,
Copa 2026,AUT 8,Phillipp Mwene,Comum,0,
Copa 2026,AUT 9,Alexander Prass,Comum,0,
Copa 2026,AUT 10,Xaver Schlager,Comum,0,
Copa 2026,AUT 11,Marcel Sabitzer,Comum,0,
Copa 2026,AUT 12,Konrad Laimer,Comum,0,
Copa 2026,AUT 13,Foto do time,Comum,0,
Copa 2026,AUT 14,Florian Grillitsch,Comum,0,
Copa 2026,AUT 15,Nicolas Seiwald,Comum,0,
Copa 2026,AUT 16,Romano Schmid,Comum,0,
Copa 2026,AUT 17,Patrick Wimmer,Comum,0,
Copa 2026,AUT 18,Christoph Baumgartner,Comum,0,
Copa 2026,AUT 19,Michael Gregoritsch,Comum,0,
Copa 2026,AUT 20,Marko Arnautović,Comum,0,
Copa 2026,JOR 1,Escudo,Especial,0,
Copa 2026,JOR 2,Yazeed Abulaila,Comum,0,
Copa 2026,JOR 3,Ihsan Haddad,Comum,0,
Copa 2026,JOR 4,Mohammad Abu Hashish,Comum,0,
Copa 2026,JOR 5,Yazan Al-Arab,Comum,0,
Copa 2026,JOR 6,Abdallah Nasib,Comum,0,
Copa 2026,JOR 7,Saleem Obaid,Comum,0,
Copa 2026,JOR 8,Mohammad Abualnadi,Comum,0,
Copa 2026,JOR 9,Ibrahim Saadeh,Comum,0,
Copa 2026,JOR 10,Nizar Al-Rashdan,Comum,0,
Copa 2026,JOR 11,Noor Al-Rawabdeh,Comum,0,
Copa 2026,JOR 12,Mohannad Abu Taha,Comum,0,
Copa 2026,JOR 13,Foto do time,Comum,0,
Copa 2026,JOR 14,Amer Jamous,Comum,0,
Copa 2026,JOR 15,Musa Al-Taamari,Comum,0,
Copa 2026,JOR 16,Yazan Al-Naimat,Comum,0,
Copa 2026,JOR 17,Mahmoud Al-Mardi,Comum,0,
Copa 2026,JOR 18,Ali Olwan,Comum,0,
Copa 2026,JOR 19,Mohammad Abu Zrayq,Comum,0,
Copa 2026,JOR 20,Ibrahim Sabra,Comum,0,
Copa 2026,POR 1,Escudo,Especial,0,
Copa 2026,POR 2,Diogo Costa,Comum,0,
Copa 2026,POR 3,Jose Sá,Comum,0,
Copa 2026,POR 4,Ruben Dias,Comum,0,
Copa 2026,POR 5,João Cancelo,Comum,0,
Copa 2026,POR 6,Diogo Dalot,Comum,0,
Copa 2026,POR 7,Nuno Mendes,Comum,0,
Copa 2026,POR 8,Gonçalo Inácio,Comum,0,
Copa 2026,POR 9,Bernardo Silva,Comum,0,
Copa 2026,POR 10,Bruno Fernandes,Comum,0,
Copa 2026,POR 11,Ruben Neves,Comum,0,
Copa 2026,POR 12,Vitinha,Comum,0,
Copa 2026,POR 13,Foto do time,Comum,0,
Copa 2026,POR 14,João Neves,Comum,0,
Copa 2026,POR 15,Cristiano Ronaldo,Comum,0,
Copa 2026,POR 16,Francisco Trincão,Comum,0,
Copa 2026,POR 17,João Félix,Comum,0,
Copa 2026,POR 18,Gonçalo Ramos,Comum,0,
Copa 2026,POR 19,Pedro Neto,Comum,0,
Copa 2026,POR 20,Rafael Leão,Comum,0,
Copa 2026,COD 1,Escudo,Especial,0,
Copa 2026,COD 2,Lionel Mpasi,Comum,0,
Copa 2026,COD 3,Aaron Wan-Bissaka,Comum,0,
Copa 2026,COD 4,Axel Tuanzebe,Comum,0,
Copa 2026,COD 5,Arthur Masuaku,Comum,0,
Copa 2026,COD 6,Chancel Mbemba,Comum,0,
Copa 2026,COD 7,Joris Kayembe,Comum,0,
Copa 2026,COD 8,Charles Pickel,Comum,0,
Copa 2026,COD 9,Ngal'ayel Mukau,Comum,0,
Copa 2026,COD 10,Edo Kayembe,Comum,0,
Copa 2026,COD 11,Samuel Moutoussamy,Comum,0,
Copa 2026,COD 12,Noah Sadiki,Comum,0,
Copa 2026,COD 13,Foto do time,Comum,0,
Copa 2026,COD 14,Théo Bongonda,Comum,0,
Copa 2026,COD 15,Meschack Elia,Comum,0,
Copa 2026,COD 16,Yoane Wissa,Comum,0,
Copa 2026,COD 17,Brian Cipenga,Comum,0,
Copa 2026,COD 18,Fiston Mayele,Comum,0,
Copa 2026,COD 19,Cédric Bakambu,Comum,0,
Copa 2026,COD 20,Nathanaël Mbuku,Comum,0,
Copa 2026,UZB 1,Escudo,Especial,0,
Copa 2026,UZB 2,Utkir Yusupov,Comum,0,
Copa 2026,UZB 3,Farrukh Savfiev,Comum,0,
Copa 2026,UZB 4,Sherzod Nasrullaev,Comum,0,
Copa 2026,UZB 5,Umar Eshmurodov,Comum,0,
Copa 2026,UZB 6,Husniddin Aliqulov,Comum,0,
Copa 2026,UZB 7,Rustamjon Ashurmatov,Comum,0,
Copa 2026,UZB 8,Khojiakbar Alijonov,Comum,0,
Copa 2026,UZB 9,Abdukodir Khusanov,Comum,0,
Copa 2026,UZB 10,Odiljon Hamrobekov,Comum,0,
Copa 2026,UZB 11,Otabek Shukurov,Comum,0,
Copa 2026,UZB 12,Jamshid Iskanderov,Comum,0,
Copa 2026,UZB 13,Foto do time,Comum,0,
Copa 2026,UZB 14,Azizbek Turgunboev,Comum,0,
Copa 2026,UZB 15,Khojimat Erkinov,Comum,0,
Copa 2026,UZB 16,Eldor Shomurodov,Comum,0,
Copa 2026,UZB 17,Oston Urunov,Comum,0,
Copa 2026,UZB 18,Jaloliddin Masharipov,Comum,0,
Copa 2026,UZB 19,Igor Sergeev,Comum,0,
Copa 2026,UZB 20,Abbosbek Fayzullaev,Comum,0,
Copa 2026,COL 1,Escudo,Especial,0,
Copa 2026,COL 2,Camilo Vargas,Comum,0,
Copa 2026,COL 3,David Ospina,Comum,0,
Copa 2026,COL 4,Dávinson Sánchez,Comum,0,
Copa 2026,COL 5,Yerry Mina,Comum,0,
Copa 2026,COL 6,Daniel Muñoz,Comum,0,
Copa 2026,COL 7,Johan Mojica,Comum,0,
Copa 2026,COL 8,Jhon Lucumí,Comum,0,
Copa 2026,COL 9,Santiago Arias,Comum,0,
Copa 2026,COL 10,Jefferson Lerma,Comum,0,
Copa 2026,COL 11,Kevin Castaño,Comum,0,
Copa 2026,COL 12,Richard Ríos,Comum,0,
Copa 2026,COL 13,Foto do time,Comum,0,
Copa 2026,COL 14,James Rodríguez,Comum,0,
Copa 2026,COL 15,Juan Fernando Quintero,Comum,0,
Copa 2026,COL 16,Jorge Carrascal,Comum,0,
Copa 2026,COL 17,Jhon Arias,Comum,0,
Copa 2026,COL 18,Jhon Córdoba,Comum,0,
Copa 2026,COL 19,Luis Suárez,Comum,0,
Copa 2026,COL 20,Luis Díaz,Comum,0,
Copa 2026,ENG 1,Escudo,Especial,0,
Copa 2026,ENG 2,Jordan Pickford,Comum,0,
Copa 2026,ENG 3,John Stones,Comum,0,
Copa 2026,ENG 4,Marc Guéhi,Comum,0,
Copa 2026,ENG 5,Ezri Konsa,Comum,0,
Copa 2026,ENG 6,Trent Alexander-Arnold,Comum,0,
Copa 2026,ENG 7,Reece James,Comum,0,
Copa 2026,ENG 8,Dan Burn,Comum,0,
Copa 2026,ENG 9,Jordan Henderson,Comum,0,
Copa 2026,ENG 10,Declan Rice,Comum,0,
Copa 2026,ENG 11,Jude Bellingham,Comum,0,
Copa 2026,ENG 12,Cole Palmer,Comum,0,
Copa 2026,ENG 13,Foto do time,Comum,0,
Copa 2026,ENG 14,Morgan Rogers,Comum,0,
Copa 2026,ENG 15,Anthony Gordon,Comum,0,
Copa 2026,ENG 16,Phil Foden,Comum,0,
Copa 2026,ENG 17,Bukayo Saka,Comum,0,
Copa 2026,ENG 18,Harry Kane,Comum,0,
Copa 2026,ENG 19,Marcus Rashford,Comum,0,
Copa 2026,ENG 20,Ollie Watkins,Comum,0,
Copa 2026,CRO 1,Escudo,Especial,0,
Copa 2026,CRO 2,Dominik Livaković,Comum,0,
Copa 2026,CRO 3,Duje Ćaleta-Car,Comum,0,
Copa 2026,CRO 4,Joško Gvardiol,Comum,0,
Copa 2026,CRO 5,Josip Stanišić,Comum,0,
Copa 2026,CRO 6,Luka Vušković,Comum,0,
Copa 2026,CRO 7,Josip Šutalo,Comum,0,
Copa 2026,CRO 8,Kristijan Jakić,Comum,0,
Copa 2026,CRO 9,Luka Modrić,Comum,0,
Copa 2026,CRO 10,Mateo Kovačić,Comum,0,
Copa 2026,CRO 11,Martin Baturina,Comum,0,
Copa 2026,CRO 12,Lovro Majer,Comum,0,
Copa 2026,CRO 13,Foto do time,Comum,0,
Copa 2026,CRO 14,Mario Pašalić,Comum,0,
Copa 2026,CRO 15,Petar Sučić,Comum,0,
Copa 2026,CRO 16,Ivan Perišić,Comum,0,
Copa 2026,CRO 17,Marco Pašalić,Comum,0,
Copa 2026,CRO 18,Ante Budimir,Comum,0,
Copa 2026,CRO 19,Andrej Kramarić,Comum,0,
Copa 2026,CRO 20,Franjo Ivanović,Comum,0,
Copa 2026,GHA 1,Escudo,Especial,0,
Copa 2026,GHA 2,Lawrence Ati Zigi,Comum,0,
Copa 2026,GHA 3,Tariq Lamptey,Comum,0,
Copa 2026,GHA 4,Mohammed Salisu,Comum,0,
Copa 2026,GHA 5,Alidu Seidu,Comum,0,
Copa 2026,GHA 6,Alexander Djiku,Comum,0,
Copa 2026,GHA 7,Gideon Mensah,Comum,0,
Copa 2026,GHA 8,Caleb Yirenkyi,Comum,0,
Copa 2026,GHA 9,Abdul Fatawu Issahaku,Comum,0,
Copa 2026,GHA 10,Thomas Partey,Comum,0,
Copa 2026,GHA 11,Salis Abdul Samed,Comum,0,
Copa 2026,GHA 12,Kamaldeen Sulemana,Comum,0,
Copa 2026,GHA 13,Foto do time,Comum,0,
Copa 2026,GHA 14,Mohammed Kudus,Comum,0,
Copa 2026,GHA 15,Iñaki Williams,Comum,0,
Copa 2026,GHA 16,Jordan Ayew,Comum,0,
Copa 2026,GHA 17,André Ayew,Comum,0,
Copa 2026,GHA 18,Joseph Paintsil,Comum,0,
Copa 2026,GHA 19,Osman Bukari,Comum,0,
Copa 2026,GHA 20,Antoine Semenyo,Comum,0,
Copa 2026,PAN 1,Escudo,Especial,0,
Copa 2026,PAN 2,Orlando Mosquera,Comum,0,
Copa 2026,PAN 3,Luis Mejía,Comum,0,
Copa 2026,PAN 4,Fidel Escobar,Comum,0,
Copa 2026,PAN 5,Andrés Andrade,Comum,0,
Copa 2026,PAN 6,Michael Amir Murillo,Comum,0,
Copa 2026,PAN 7,Eric Davis,Comum,0,
Copa 2026,PAN 8,José Córdoba,Comum,0,
Copa 2026,PAN 9,César Blackman,Comum,0,
Copa 2026,PAN 10,Cristian Martínez,Comum,0,
Copa 2026,PAN 11,Aníbal Godoy,Comum,0,
Copa 2026,PAN 12,Adalberto Carrasquilla,Comum,0,
Copa 2026,PAN 13,Foto do time,Comum,0,
Copa 2026,PAN 14,Édgar Bárcenas,Comum,0,
Copa 2026,PAN 15,Carlos Harvey,Comum,0,
Copa 2026,PAN 16,Ismael Díaz,Comum,0,
Copa 2026,PAN 17,José Fajardo,Comum,0,
Copa 2026,PAN 18,Cecilio Waterman,Comum,0,
Copa 2026,PAN 19,José Luis Rodríguez,Comum,0,
Copa 2026,PAN 20,Alberto Quintero,Comum,0,
